<?xml version="1.0" encoding="UTF-8" standalone="no"?>
<project>
    	
    <configuration id="com.sifive.toolchain.riscv64.unknown.elf.gcc.182010946.607048862" name="debug">
        		
        <extension point="org.eclipse.cdt.core.LanguageSettingsProvider">
            			
            <provider copy-of="extension" id="org.eclipse.cdt.ui.UserLanguageSettingsProvider"/>
            			
            <provider-reference id="org.eclipse.cdt.core.ReferencedProjectsLanguageSettingsProvider" ref="shared-provider"/>
            			
            <provider class="com.sifive.freedomstudio.toolchain.providers.SiFiveBuildOutputParser" id="com.sifive.freedomstudio.toolchain.providers.SiFiveBuildOutputParser" keep-relative-paths="false" name="SiFive RISCV Build Output Parser" parameter="riscv64-unknown-elf-(g?cc)|([gc]\+\+)|(clang)" prefer-non-shared="true" resource-scope="per-project"/>
            			
            <provider class="com.sifive.freedomstudio.toolchain.providers.ToolchainGCCSpecsDetector" console="false" env-hash="533953006178118732" id="com.sifive.toolchain.riscv64.unknown.elf.gcc.SiFiveToolchainSpecsDetector" keep-relative-paths="false" name="SiFive Toolchain Language Settings Provider" parameter="riscv64-unknown-elf-${COMMAND} ${FLAGS} -E -P -v -dD &quot;${INPUTS}&quot;" prefer-non-shared="true">
                				
                <language-scope id="com.sifive.freedomstudio.toolchain.rvgcc"/>
                				
                <language-scope id="com.sifive.freedomstudio.toolchain.rvg++"/>
                				
                <language-scope id="org.eclipse.cdt.core.gcc"/>
                				
                <language-scope id="org.eclipse.cdt.core.g++"/>
                			
            </provider>
            			
            <provider class="com.sifive.freedomstudio.toolchain.providers.ToolchainGCCSpecsDetector" console="false" env-hash="1517860613144368300" id="com.sifive.toolchain.riscv64.unknown.elf.gcc.SiFiveToolchainAsmSpecsDetector" keep-relative-paths="false" name="SiFive Toolchain Asm Language Settings Provider" parameter="riscv64-unknown-elf-as -E -P -v -dD &quot;${INPUTS}&quot;" prefer-non-shared="true">
                				
                <language-scope id="com.sifive.freedomstudio.toolchain.rvasm"/>
                				
                <language-scope id="org.eclipse.cdt.core.assembly"/>
                			
            </provider>
            			
            <provider-reference id="org.eclipse.cdt.managedbuilder.core.MBSLanguageSettingsProvider" ref="shared-provider"/>
            		
        </extension>
        	
    </configuration>
    	
    <configuration id="com.sifive.toolchain.riscv64.unknown.elf.gcc.182010946.1566401882" name="freedom-e-sdk">
        		
        <extension point="org.eclipse.cdt.core.LanguageSettingsProvider">
            			
            <provider copy-of="extension" id="org.eclipse.cdt.ui.UserLanguageSettingsProvider"/>
            			
            <provider-reference id="org.eclipse.cdt.core.ReferencedProjectsLanguageSettingsProvider" ref="shared-provider"/>
            			
            <provider copy-of="extension" id="com.sifive.freedomstudio.toolchain.providers.SiFiveBuildOutputParser"/>
            			
            <provider class="com.sifive.freedomstudio.toolchain.providers.ToolchainGCCSpecsDetector" console="false" env-hash="533953006178118732" id="com.sifive.toolchain.riscv64.unknown.elf.gcc.SiFiveToolchainSpecsDetector" keep-relative-paths="false" name="SiFive Toolchain Language Settings Provider" parameter="riscv64-unknown-elf-${COMMAND} ${FLAGS} -E -P -v -dD &quot;${INPUTS}&quot;" prefer-non-shared="true">
                				
                <language-scope id="com.sifive.freedomstudio.toolchain.rvgcc"/>
                				
                <language-scope id="com.sifive.freedomstudio.toolchain.rvg++"/>
                				
                <language-scope id="org.eclipse.cdt.core.gcc"/>
                				
                <language-scope id="org.eclipse.cdt.core.g++"/>
                			
            </provider>
            			
            <provider class="com.sifive.freedomstudio.toolchain.providers.ToolchainGCCSpecsDetector" console="false" env-hash="1517860613144368300" id="com.sifive.toolchain.riscv64.unknown.elf.gcc.SiFiveToolchainAsmSpecsDetector" keep-relative-paths="false" name="SiFive Toolchain Asm Language Settings Provider" parameter="riscv64-unknown-elf-as -E -P -v -dD &quot;${INPUTS}&quot;" prefer-non-shared="true">
                				
                <language-scope id="com.sifive.freedomstudio.toolchain.rvasm"/>
                				
                <language-scope id="org.eclipse.cdt.core.assembly"/>
                			
            </provider>
            			
            <provider-reference id="org.eclipse.cdt.managedbuilder.core.MBSLanguageSettingsProvider" ref="shared-provider"/>
            		
        </extension>
        	
    </configuration>
    	
    <configuration id="com.sifive.toolchain.riscv64.unknown.elf.gcc.182010946.1114772465" name="release">
        		
        <extension point="org.eclipse.cdt.core.LanguageSettingsProvider">
            			
            <provider copy-of="extension" id="org.eclipse.cdt.ui.UserLanguageSettingsProvider"/>
            			
            <provider-reference id="org.eclipse.cdt.core.ReferencedProjectsLanguageSettingsProvider" ref="shared-provider"/>
            			
            <provider copy-of="extension" id="com.sifive.freedomstudio.toolchain.providers.SiFiveBuildOutputParser"/>
            			
            <provider class="com.sifive.freedomstudio.toolchain.providers.ToolchainGCCSpecsDetector" console="false" env-hash="533953006178118732" id="com.sifive.toolchain.riscv64.unknown.elf.gcc.SiFiveToolchainSpecsDetector" keep-relative-paths="false" name="SiFive Toolchain Language Settings Provider" parameter="riscv64-unknown-elf-${COMMAND} ${FLAGS} -E -P -v -dD &quot;${INPUTS}&quot;" prefer-non-shared="true">
                				
                <language-scope id="com.sifive.freedomstudio.toolchain.rvgcc"/>
                				
                <language-scope id="com.sifive.freedomstudio.toolchain.rvg++"/>
                				
                <language-scope id="org.eclipse.cdt.core.gcc"/>
                				
                <language-scope id="org.eclipse.cdt.core.g++"/>
                			
            </provider>
            			
            <provider class="com.sifive.freedomstudio.toolchain.providers.ToolchainGCCSpecsDetector" console="false" env-hash="1517860613144368300" id="com.sifive.toolchain.riscv64.unknown.elf.gcc.SiFiveToolchainAsmSpecsDetector" keep-relative-paths="false" name="SiFive Toolchain Asm Language Settings Provider" parameter="riscv64-unknown-elf-as -E -P -v -dD &quot;${INPUTS}&quot;" prefer-non-shared="true">
                				
                <language-scope id="com.sifive.freedomstudio.toolchain.rvasm"/>
                				
                <language-scope id="org.eclipse.cdt.core.assembly"/>
                			
            </provider>
            			
            <provider-reference id="org.eclipse.cdt.managedbuilder.core.MBSLanguageSettingsProvider" ref="shared-provider"/>
            		
        </extension>
        	
    </configuration>
    
</project>
